Id,aforza__Inventory__c,Name,PickingLocation__c,aforza__Product__c,aforza__Stock_Quantity__c,aforza__Inventory__r.Name,aforza__Product__r.StockKeepingUnit
a0V2z000000gRAGEA2,a0X2z0000000kmGEAQ,IPR-00000046,,,99999999,Walmart Provider,
a0V2z000000gR9SEAU,a0X2z0000000kmGEAQ,IPR-00000041,,,99999999,Walmart Provider,
a0V2z000000gR9cEAE,a0X2z0000000kmGEAQ,IPR-00000042,,,99999897,Walmart Provider,
a0V2z000000gR9dEAE,a0X2z0000000kmGEAQ,IPR-00000044,,,99999992,Walmart Provider,
a0V2z000000gR9nEAE,a0X2z0000000kmGEAQ,IPR-00000047,,,99999999,Walmart Provider,
a0V2z000000gR9IEAU,a0X2z0000000kmGEAQ,IPR-00000040,,,99999999,Walmart Provider,
a0V2z000000gRA1EAM,a0X2z0000000kmGEAQ,IPR-00000045,,,99999999,Walmart Provider,
a0V2z000000gRApEAM,a0X2z0000000kmGEAQ,IPR-00000049,,,99999999,Walmart Provider,
a0V2z000000gRAVEA2,a0X2z0000000kmGEAQ,IPR-00000048,,,99999999,Walmart Provider,
a0V2z000000giPyEAI,a0X2z0000000iOsEAI,IPR-00000427,,01t2z000001oCrnAAE,,Dagenham,
a0V2z000000gfpoEAA,a0X2z0000001o4UEAQ,IPR-00000106,,01t2z000001oCoTAAU,70,Training Session - Moston Depot,
a0V2z000000gfppEAA,a0X2z0000001o4UEAQ,IPR-00000107,,01t2z000001oCoUAAU,80,Training Session - Moston Depot,
a0V2z000000gfpqEAA,a0X2z0000001o4UEAQ,IPR-00000108,,01t2z000001oCoVAAU,90,Training Session - Moston Depot,
a0V2z000000gfprEAA,a0X2z0000001o4UEAQ,IPR-00000109,,01t2z000001oCoWAAU,100,Training Session - Moston Depot,
a0V2z000000gfpvEAA,a0X2z0000001o4UEAQ,IPR-00000113,,01t2z000001oCoaAAE,50,Training Session - Moston Depot,
a0V2z000000gfpwEAA,a0X2z0000001o4UEAQ,IPR-00000114,,01t2z000001oCobAAE,60,Training Session - Moston Depot,
a0V2z000000gfpxEAA,a0X2z0000001o4UEAQ,IPR-00000115,,01t2z000001oCocAAE,70,Training Session - Moston Depot,
a0V2z000000gfpyEAA,a0X2z0000001o4UEAQ,IPR-00000116,,01t2z000001oCodAAE,80,Training Session - Moston Depot,
a0V2z000000gfpzEAA,a0X2z0000001o4UEAQ,IPR-00000117,,01t2z000001oCoeAAE,90,Training Session - Moston Depot,
a0V2z000000gfq0EAA,a0X2z0000001o4UEAQ,IPR-00000118,,01t2z000001oCofAAE,100,Training Session - Moston Depot,
a0V2z000000gfq1EAA,a0X2z0000001o4UEAQ,IPR-00000119,,01t2z000001oCogAAE,10,Training Session - Moston Depot,
a0V2z000000gfq2EAA,a0X2z0000001o4UEAQ,IPR-00000120,,01t2z000001oCohAAE,20,Training Session - Moston Depot,
a0V2z000000gfq3EAA,a0X2z0000001o4UEAQ,IPR-00000121,,01t2z000001oCoiAAE,40,Training Session - Moston Depot,
a0V2z000000gfq4EAA,a0X2z0000001o4UEAQ,IPR-00000122,,01t2z000001oCojAAE,50,Training Session - Moston Depot,
a0V2z000000gfq5EAA,a0X2z0000001o4UEAQ,IPR-00000123,,01t2z000001oCokAAE,60,Training Session - Moston Depot,
a0V2z000000gfq6EAA,a0X2z0000001o4UEAQ,IPR-00000124,,01t2z000001oColAAE,70,Training Session - Moston Depot,
a0V2z000000gfq7EAA,a0X2z0000001o4UEAQ,IPR-00000125,,01t2z000001oComAAE,80,Training Session - Moston Depot,
a0V2z000000gfq8EAA,a0X2z0000001o4UEAQ,IPR-00000126,,01t2z000001oConAAE,90,Training Session - Moston Depot,
a0V2z000000gfq9EAA,a0X2z0000001o4UEAQ,IPR-00000127,,01t2z000001oCooAAE,100,Training Session - Moston Depot,
a0V2z000000gfqAEAQ,a0X2z0000001o4UEAQ,IPR-00000128,,01t2z000001oCopAAE,10,Training Session - Moston Depot,
a0V2z000000gfqBEAQ,a0X2z0000001o4UEAQ,IPR-00000129,,01t2z000001oCoqAAE,20,Training Session - Moston Depot,
a0V2z000000gfqCEAQ,a0X2z0000001o4UEAQ,IPR-00000130,,01t2z000001oCorAAE,40,Training Session - Moston Depot,
a0V2z000000gfpsEAA,a0X2z0000001o4UEAQ,IPR-00000110,,01t2z000001oCoXAAU,10,Training Session - Moston Depot,
a0V2z000000gfptEAA,a0X2z0000001o4UEAQ,IPR-00000111,,01t2z000001oCoYAAU,20,Training Session - Moston Depot,
a0V2z000000gfpuEAA,a0X2z0000001o4UEAQ,IPR-00000112,,01t2z000001oCoZAAU,40,Training Session - Moston Depot,
a0V2z000000gfqDEAQ,a0X2z0000001o4UEAQ,IPR-00000131,,01t2z000001oCosAAE,50,Training Session - Moston Depot,
a0V2z000000gfqEEAQ,a0X2z0000001o4UEAQ,IPR-00000132,,01t2z000001oCotAAE,60,Training Session - Moston Depot,
a0V2z000000gfqFEAQ,a0X2z0000001o4UEAQ,IPR-00000133,,01t2z000001oCouAAE,70,Training Session - Moston Depot,
a0V2z000000gfqGEAQ,a0X2z0000001o4UEAQ,IPR-00000134,,01t2z000001oCovAAE,80,Training Session - Moston Depot,
a0V2z000000gfqHEAQ,a0X2z0000001o4UEAQ,IPR-00000135,,01t2z000001oCowAAE,90,Training Session - Moston Depot,
a0V2z000000gfqIEAQ,a0X2z0000001o4UEAQ,IPR-00000136,,01t2z000001oCoxAAE,100,Training Session - Moston Depot,
a0V2z000000gfqJEAQ,a0X2z0000001o4UEAQ,IPR-00000137,,01t2z000001oCoyAAE,10,Training Session - Moston Depot,
a0V2z000000gfqKEAQ,a0X2z0000001o4UEAQ,IPR-00000138,,01t2z000001oCozAAE,20,Training Session - Moston Depot,
a0V2z000000gfqLEAQ,a0X2z0000001o4UEAQ,IPR-00000139,,01t2z000001oCp0AAE,40,Training Session - Moston Depot,
a0V2z000000gfqMEAQ,a0X2z0000001o4UEAQ,IPR-00000140,,01t2z000001oCp1AAE,50,Training Session - Moston Depot,
a0V2z000000gfqNEAQ,a0X2z0000001o4UEAQ,IPR-00000141,,01t2z000001oCp2AAE,60,Training Session - Moston Depot,
a0V2z000000gfqOEAQ,a0X2z0000001o4UEAQ,IPR-00000142,,01t2z000001oCp3AAE,70,Training Session - Moston Depot,
a0V2z000000gfqPEAQ,a0X2z0000001o4UEAQ,IPR-00000143,,01t2z000001oCp4AAE,80,Training Session - Moston Depot,
a0V2z000000gfqQEAQ,a0X2z0000001o4UEAQ,IPR-00000144,,01t2z000001oCp5AAE,90,Training Session - Moston Depot,
a0V2z000000gfqREAQ,a0X2z0000001o4UEAQ,IPR-00000145,,01t2z000001oCp6AAE,100,Training Session - Moston Depot,
a0V2z000000gfqSEAQ,a0X2z0000001o4UEAQ,IPR-00000146,,01t2z000001oCp7AAE,10,Training Session - Moston Depot,
a0V2z000000gfqTEAQ,a0X2z0000001o4UEAQ,IPR-00000147,,01t2z000001oCp8AAE,18,Training Session - Moston Depot,
a0V2z000000gfqUEAQ,a0X2z0000001o4UEAQ,IPR-00000148,,01t2z000001oCp9AAE,40,Training Session - Moston Depot,
a0V2z000000gfqVEAQ,a0X2z0000001o4UEAQ,IPR-00000149,,01t2z000001oCpAAAU,38,Training Session - Moston Depot,
a0V2z000000gfqWEAQ,a0X2z0000001o4UEAQ,IPR-00000150,,01t2z000001oCpBAAU,60,Training Session - Moston Depot,
a0V2z000000gfqXEAQ,a0X2z0000001o4UEAQ,IPR-00000151,,01t2z000001oCpCAAU,65,Training Session - Moston Depot,
a0V2z000000gfqYEAQ,a0X2z0000001o4UEAQ,IPR-00000152,,01t2z000001oCpDAAU,80,Training Session - Moston Depot,
a0V2z000000gfqZEAQ,a0X2z0000001o4UEAQ,IPR-00000153,,01t2z000001oCpEAAU,90,Training Session - Moston Depot,
a0V2z000000gfqaEAA,a0X2z0000001o4UEAQ,IPR-00000154,,01t2z000001oCpFAAU,100,Training Session - Moston Depot,
a0V2z000000gfqbEAA,a0X2z0000001o4UEAQ,IPR-00000155,,01t2z000001oCpGAAU,10,Training Session - Moston Depot,
a0V2z000000gfqcEAA,a0X2z0000001o4UEAQ,IPR-00000156,,01t2z000001oCpHAAU,18,Training Session - Moston Depot,
a0V2z000000gfqdEAA,a0X2z0000001o4UEAQ,IPR-00000157,,01t2z000001oCpIAAU,40,Training Session - Moston Depot,
a0V2z000000gfqeEAA,a0X2z0000001o4UEAQ,IPR-00000158,,01t2z000001oCpJAAU,50,Training Session - Moston Depot,
a0V2z000000gfqfEAA,a0X2z0000001o4UEAQ,IPR-00000159,,01t2z000001oCpKAAU,60,Training Session - Moston Depot,
a0V2z000000gfqrEAA,a0X2z0000001o4UEAQ,IPR-00000171,,01t2z000001oCpWAAU,90,Training Session - Moston Depot,
a0V2z000000gfqsEAA,a0X2z0000001o4UEAQ,IPR-00000172,,01t2z000001oCpXAAU,98,Training Session - Moston Depot,
a0V2z000000gfqtEAA,a0X2z0000001o4UEAQ,IPR-00000173,,01t2z000001oCpYAAU,10,Training Session - Moston Depot,
a0V2z000000gfquEAA,a0X2z0000001o4UEAQ,IPR-00000174,,01t2z000001oCpZAAU,20,Training Session - Moston Depot,
a0V2z000000gfqvEAA,a0X2z0000001o4UEAQ,IPR-00000175,,01t2z000001oCpaAAE,40,Training Session - Moston Depot,
a0V2z000000gfqwEAA,a0X2z0000001o4UEAQ,IPR-00000176,,01t2z000001oCpbAAE,50,Training Session - Moston Depot,
a0V2z000000gfqxEAA,a0X2z0000001o4UEAQ,IPR-00000177,,01t2z000001oCpcAAE,60,Training Session - Moston Depot,
a0V2z000000gfqyEAA,a0X2z0000001o4UEAQ,IPR-00000178,,01t2z000001oCpdAAE,70,Training Session - Moston Depot,
a0V2z000000gfqzEAA,a0X2z0000001o4UEAQ,IPR-00000179,,01t2z000001oCpeAAE,80,Training Session - Moston Depot,
a0V2z000000gfqgEAA,a0X2z0000001o4UEAQ,IPR-00000160,,01t2z000001oCpLAAU,70,Training Session - Moston Depot,
a0V2z000000gfqhEAA,a0X2z0000001o4UEAQ,IPR-00000161,,01t2z000001oCpMAAU,80,Training Session - Moston Depot,
a0V2z000000gfqiEAA,a0X2z0000001o4UEAQ,IPR-00000162,,01t2z000001oCpNAAU,90,Training Session - Moston Depot,
a0V2z000000gfqjEAA,a0X2z0000001o4UEAQ,IPR-00000163,,01t2z000001oCpOAAU,100,Training Session - Moston Depot,
a0V2z000000gfqkEAA,a0X2z0000001o4UEAQ,IPR-00000164,,01t2z000001oCpPAAU,10,Training Session - Moston Depot,
a0V2z000000gfqlEAA,a0X2z0000001o4UEAQ,IPR-00000165,,01t2z000001oCpQAAU,20,Training Session - Moston Depot,
a0V2z000000gfqmEAA,a0X2z0000001o4UEAQ,IPR-00000166,,01t2z000001oCpRAAU,40,Training Session - Moston Depot,
a0V2z000000gfqnEAA,a0X2z0000001o4UEAQ,IPR-00000167,,01t2z000001oCpSAAU,50,Training Session - Moston Depot,
a0V2z000000gfqoEAA,a0X2z0000001o4UEAQ,IPR-00000168,,01t2z000001oCpTAAU,58,Training Session - Moston Depot,
a0V2z000000gfqpEAA,a0X2z0000001o4UEAQ,IPR-00000169,,01t2z000001oCpUAAU,70,Training Session - Moston Depot,
a0V2z000000gfqqEAA,a0X2z0000001o4UEAQ,IPR-00000170,,01t2z000001oCpVAAU,80,Training Session - Moston Depot,
a0V2z000000gfr0EAA,a0X2z0000001o4UEAQ,IPR-00000180,,01t2z000001oCpfAAE,90,Training Session - Moston Depot,
a0V2z000000gfr1EAA,a0X2z0000001o4UEAQ,IPR-00000181,,01t2z000001oCpgAAE,100,Training Session - Moston Depot,
a0V2z000000gfr2EAA,a0X2z0000001o4UEAQ,IPR-00000182,,01t2z000001oCphAAE,10,Training Session - Moston Depot,
a0V2z000000gfr3EAA,a0X2z0000001o4UEAQ,IPR-00000183,,01t2z000001oCpiAAE,20,Training Session - Moston Depot,
a0V2z000000gfr4EAA,a0X2z0000001o4UEAQ,IPR-00000184,,01t2z000001oCpjAAE,40,Training Session - Moston Depot,
a0V2z000000gfr5EAA,a0X2z0000001o4UEAQ,IPR-00000185,,01t2z000001oCpkAAE,50,Training Session - Moston Depot,
a0V2z000000gfr6EAA,a0X2z0000001o4UEAQ,IPR-00000186,,01t2z000001oCplAAE,60,Training Session - Moston Depot,
a0V2z000000gfr7EAA,a0X2z0000001o4UEAQ,IPR-00000187,,01t2z000001oCpmAAE,70,Training Session - Moston Depot,
a0V2z000000gfr8EAA,a0X2z0000001o4UEAQ,IPR-00000188,,01t2z000001oCpnAAE,80,Training Session - Moston Depot,
a0V2z000000gfr9EAA,a0X2z0000001o4UEAQ,IPR-00000189,,01t2z000001oCpoAAE,90,Training Session - Moston Depot,
a0V2z000000gfrAEAQ,a0X2z0000001o4UEAQ,IPR-00000190,,01t2z000001oCppAAE,90,Training Session - Moston Depot,
a0V2z000000gfrBEAQ,a0X2z0000001o4UEAQ,IPR-00000191,,01t2z000001oCpqAAE,4,Training Session - Moston Depot,
a0V2z000000gfrCEAQ,a0X2z0000001o4UEAQ,IPR-00000192,,01t2z000001oCprAAE,16,Training Session - Moston Depot,
a0V2z000000gfrDEAQ,a0X2z0000001o4UEAQ,IPR-00000193,,01t2z000001oCpsAAE,34,Training Session - Moston Depot,
a0V2z000000gfrEEAQ,a0X2z0000001o4UEAQ,IPR-00000194,,01t2z000001oCptAAE,41,Training Session - Moston Depot,
a0V2z000000gfrFEAQ,a0X2z0000001o4UEAQ,IPR-00000195,,01t2z000001oCpuAAE,54,Training Session - Moston Depot,
a0V2z000000gfrGEAQ,a0X2z0000001o4UEAQ,IPR-00000196,,01t2z000001oCpvAAE,70,Training Session - Moston Depot,
a0V2z000000gfrHEAQ,a0X2z0000001o4UEAQ,IPR-00000197,,01t2z000001oCpwAAE,80,Training Session - Moston Depot,
a0V2z000000gfrIEAQ,a0X2z0000001o4UEAQ,IPR-00000198,,01t2z000001oCpxAAE,90,Training Session - Moston Depot,
a0V2z000000gfrJEAQ,a0X2z0000001o4UEAQ,IPR-00000199,,01t2z000001oCpyAAE,100,Training Session - Moston Depot,
a0V2z000000gfrKEAQ,a0X2z0000001o4UEAQ,IPR-00000200,,01t2z000001oCpzAAE,10,Training Session - Moston Depot,
a0V2z000000gfrLEAQ,a0X2z0000001o4UEAQ,IPR-00000201,,01t2z000001oCq0AAE,20,Training Session - Moston Depot,
a0V2z000000gfrMEAQ,a0X2z0000001o4UEAQ,IPR-00000202,,01t2z000001oCq1AAE,40,Training Session - Moston Depot,
a0V2z000000gfrNEAQ,a0X2z0000001o4UEAQ,IPR-00000203,,01t2z000001oCq2AAE,50,Training Session - Moston Depot,
a0V2z000000gfrOEAQ,a0X2z0000001o4UEAQ,IPR-00000204,,01t2z000001oCq3AAE,60,Training Session - Moston Depot,
a0V2z000000gfrPEAQ,a0X2z0000001o4UEAQ,IPR-00000205,,01t2z000001oCq4AAE,70,Training Session - Moston Depot,
a0V2z000000gfrQEAQ,a0X2z0000001o4UEAQ,IPR-00000206,,01t2z000001oCq5AAE,80,Training Session - Moston Depot,
a0V2z000000gfrREAQ,a0X2z0000001o4UEAQ,IPR-00000207,,01t2z000001oCq6AAE,90,Training Session - Moston Depot,
a0V2z000000gfrSEAQ,a0X2z0000001o4UEAQ,IPR-00000208,,01t2z000001oCq7AAE,100,Training Session - Moston Depot,
a0V2z000000gfrTEAQ,a0X2z0000001o4UEAQ,IPR-00000209,,01t2z000001oCq8AAE,10,Training Session - Moston Depot,
a0V2z000000gfrUEAQ,a0X2z0000001o4UEAQ,IPR-00000210,,01t2z000001oCq9AAE,20,Training Session - Moston Depot,
a0V2z000000gfrVEAQ,a0X2z0000001o4UEAQ,IPR-00000211,,01t2z000001oCqAAAU,40,Training Session - Moston Depot,
a0V2z000000gfrWEAQ,a0X2z0000001o4UEAQ,IPR-00000212,,01t2z000001oCqBAAU,50,Training Session - Moston Depot,
a0V2z000000gfrXEAQ,a0X2z0000001o4UEAQ,IPR-00000213,,01t2z000001oCqCAAU,60,Training Session - Moston Depot,
a0V2z000000gfrYEAQ,a0X2z0000001o4UEAQ,IPR-00000214,,01t2z000001oCqDAAU,70,Training Session - Moston Depot,
a0V2z000000gfrZEAQ,a0X2z0000001o4UEAQ,IPR-00000215,,01t2z000001oCqEAAU,80,Training Session - Moston Depot,
a0V2z000000gfraEAA,a0X2z0000001o4UEAQ,IPR-00000216,,01t2z000001oCqFAAU,87,Training Session - Moston Depot,
a0V2z000000gfrbEAA,a0X2z0000001o4UEAQ,IPR-00000217,,01t2z000001oCqGAAU,100,Training Session - Moston Depot,
a0V2z000000gfrcEAA,a0X2z0000001o4UEAQ,IPR-00000218,,01t2z000001oCqHAAU,10,Training Session - Moston Depot,
a0V2z000000gfrdEAA,a0X2z0000001o4UEAQ,IPR-00000219,,01t2z000001oCqIAAU,20,Training Session - Moston Depot,
a0V2z000000gfreEAA,a0X2z0000001o4UEAQ,IPR-00000220,,01t2z000001oCqJAAU,40,Training Session - Moston Depot,
a0V2z000000gfrfEAA,a0X2z0000001o4UEAQ,IPR-00000221,,01t2z000001oCqKAAU,50,Training Session - Moston Depot,
a0V2z000000gfrgEAA,a0X2z0000001o4UEAQ,IPR-00000222,,01t2z000001oCqLAAU,60,Training Session - Moston Depot,
a0V2z000000gfrhEAA,a0X2z0000001o4UEAQ,IPR-00000223,,01t2z000001oCqMAAU,70,Training Session - Moston Depot,
a0V2z000000gfriEAA,a0X2z0000001o4UEAQ,IPR-00000224,,01t2z000001oCqNAAU,80,Training Session - Moston Depot,
a0V2z000000gfrjEAA,a0X2z0000001o4UEAQ,IPR-00000225,,01t2z000001oCqOAAU,88,Training Session - Moston Depot,
a0V2z000000gfrkEAA,a0X2z0000001o4UEAQ,IPR-00000226,,01t2z000001oCqPAAU,88,Training Session - Moston Depot,
a0V2z000000gfrlEAA,a0X2z0000001o4UEAQ,IPR-00000227,,01t2z000001oCqQAAU,9,Training Session - Moston Depot,
a0V2z000000gfrmEAA,a0X2z0000001o4UEAQ,IPR-00000228,,01t2z000001oCqRAAU,20,Training Session - Moston Depot,
a0V2z000000gfsWEAQ,a0X2z0000001o4UEAQ,IPR-00000274,,01t2z000001oCrBAAU,40,Training Session - Moston Depot,
a0V2z000000gfsXEAQ,a0X2z0000001o4UEAQ,IPR-00000275,,01t2z000001oCrCAAU,47,Training Session - Moston Depot,
a0V2z000000gfsYEAQ,a0X2z0000001o4UEAQ,IPR-00000276,,01t2z000001oCrDAAU,60,Training Session - Moston Depot,
a0V2z000000gfsZEAQ,a0X2z0000001o4UEAQ,IPR-00000277,,01t2z000001oCrEAAU,70,Training Session - Moston Depot,
a0V2z000000gfsaEAA,a0X2z0000001o4UEAQ,IPR-00000278,,01t2z000001oCrFAAU,80,Training Session - Moston Depot,
a0V2z000000gfsbEAA,a0X2z0000001o4UEAQ,IPR-00000279,,01t2z000001oCrGAAU,90,Training Session - Moston Depot,
a0V2z000000gfscEAA,a0X2z0000001o4UEAQ,IPR-00000280,,01t2z000001oCrHAAU,84,Training Session - Moston Depot,
a0V2z000000gfsdEAA,a0X2z0000001o4UEAQ,IPR-00000281,,01t2z000001oCrIAAU,10,Training Session - Moston Depot,
a0V2z000000gfseEAA,a0X2z0000001o4UEAQ,IPR-00000282,,01t2z000001oCrJAAU,20,Training Session - Moston Depot,
a0V2z000000gfsfEAA,a0X2z0000001o4UEAQ,IPR-00000283,,01t2z000001oCrKAAU,40,Training Session - Moston Depot,
a0V2z000000gfsgEAA,a0X2z0000001o4UEAQ,IPR-00000284,,01t2z000001oCrLAAU,50,Training Session - Moston Depot,
a0V2z000000gfshEAA,a0X2z0000001o4UEAQ,IPR-00000285,,01t2z000001oCrMAAU,60,Training Session - Moston Depot,
a0V2z000000gfsiEAA,a0X2z0000001o4UEAQ,IPR-00000286,,01t2z000001oCrNAAU,70,Training Session - Moston Depot,
a0V2z000000gfsjEAA,a0X2z0000001o4UEAQ,IPR-00000287,,01t2z000001oCrOAAU,80,Training Session - Moston Depot,
a0V2z000000gfskEAA,a0X2z0000001o4UEAQ,IPR-00000288,,01t2z000001oCrPAAU,90,Training Session - Moston Depot,
a0V2z000000gfslEAA,a0X2z0000001o4UEAQ,IPR-00000289,,01t2z000001oCrQAAU,100,Training Session - Moston Depot,
a0V2z000000gfsmEAA,a0X2z0000001o4UEAQ,IPR-00000290,,01t2z000001oCrRAAU,10,Training Session - Moston Depot,
a0V2z000000gfsnEAA,a0X2z0000001o4UEAQ,IPR-00000291,,01t2z000001oCrSAAU,20,Training Session - Moston Depot,
a0V2z000000gfsoEAA,a0X2z0000001o4UEAQ,IPR-00000292,,01t2z000001oCrTAAU,34,Training Session - Moston Depot,
a0V2z000000gft5EAA,a0X2z0000001o4UEAQ,IPR-00000309,,01t2z000001oCrkAAE,20,Training Session - Moston Depot,
a0V2z000000gft6EAA,a0X2z0000001o4UEAQ,IPR-00000310,,01t2z000001oCrlAAE,40,Training Session - Moston Depot,
a0V2z000000gft7EAA,a0X2z0000001o4UEAQ,IPR-00000311,,01t2z000001oCrmAAE,50,Training Session - Moston Depot,
a0V2z000000gfspEAA,a0X2z0000001o4UEAQ,IPR-00000293,,01t2z000001oCrUAAU,50,Training Session - Moston Depot,
a0V2z000000gfsqEAA,a0X2z0000001o4UEAQ,IPR-00000294,,01t2z000001oCrVAAU,58,Training Session - Moston Depot,
a0V2z000000gfsrEAA,a0X2z0000001o4UEAQ,IPR-00000295,,01t2z000001oCrWAAU,62,Training Session - Moston Depot,
a0V2z000000gfssEAA,a0X2z0000001o4UEAQ,IPR-00000296,,01t2z000001oCrXAAU,80,Training Session - Moston Depot,
a0V2z000000gfstEAA,a0X2z0000001o4UEAQ,IPR-00000297,,01t2z000001oCrYAAU,90,Training Session - Moston Depot,
a0V2z000000gfsuEAA,a0X2z0000001o4UEAQ,IPR-00000298,,01t2z000001oCrZAAU,85,Training Session - Moston Depot,
a0V2z000000gfsvEAA,a0X2z0000001o4UEAQ,IPR-00000299,,01t2z000001oCraAAE,10,Training Session - Moston Depot,
a0V2z000000gfswEAA,a0X2z0000001o4UEAQ,IPR-00000300,,01t2z000001oCrbAAE,20,Training Session - Moston Depot,
a0V2z000000gfsxEAA,a0X2z0000001o4UEAQ,IPR-00000301,,01t2z000001oCrcAAE,24,Training Session - Moston Depot,3914123
a0V2z000000gfsyEAA,a0X2z0000001o4UEAQ,IPR-00000302,,01t2z000001oCrdAAE,50,Training Session - Moston Depot,
a0V2z000000gfszEAA,a0X2z0000001o4UEAQ,IPR-00000303,,01t2z000001oCreAAE,60,Training Session - Moston Depot,
a0V2z000000gft0EAA,a0X2z0000001o4UEAQ,IPR-00000304,,01t2z000001oCrfAAE,70,Training Session - Moston Depot,
a0V2z000000gft1EAA,a0X2z0000001o4UEAQ,IPR-00000305,,01t2z000001oCrgAAE,80,Training Session - Moston Depot,
a0V2z000000gft2EAA,a0X2z0000001o4UEAQ,IPR-00000306,,01t2z000001oCrhAAE,90,Training Session - Moston Depot,
a0V2z000000gft3EAA,a0X2z0000001o4UEAQ,IPR-00000307,,01t2z000001oCriAAE,100,Training Session - Moston Depot,
a0V2z000000gft4EAA,a0X2z0000001o4UEAQ,IPR-00000308,,01t2z000001oCrjAAE,6,Training Session - Moston Depot,4010142
a0V2z000000gft8EAA,a0X2z0000001o4UEAQ,IPR-00000312,,01t2z000001oCrnAAE,60,Training Session - Moston Depot,
a0V2z000000gft9EAA,a0X2z0000001o4UEAQ,IPR-00000313,,01t2z000001oCroAAE,70,Training Session - Moston Depot,
a0V2z000000gftAEAQ,a0X2z0000001o4UEAQ,IPR-00000314,,01t2z000001oCrpAAE,80,Training Session - Moston Depot,
a0V2z000000gfrnEAA,a0X2z0000001o4UEAQ,IPR-00000229,,01t2z000001oCqSAAU,40,Training Session - Moston Depot,
a0V2z000000gfroEAA,a0X2z0000001o4UEAQ,IPR-00000230,,01t2z000001oCqTAAU,43,Training Session - Moston Depot,
a0V2z000000gfrpEAA,a0X2z0000001o4UEAQ,IPR-00000231,,01t2z000001oCqUAAU,57,Training Session - Moston Depot,
a0V2z000000gfrqEAA,a0X2z0000001o4UEAQ,IPR-00000232,,01t2z000001oCqVAAU,70,Training Session - Moston Depot,
a0V2z000000gfrrEAA,a0X2z0000001o4UEAQ,IPR-00000233,,01t2z000001oCqWAAU,80,Training Session - Moston Depot,
a0V2z000000gfrsEAA,a0X2z0000001o4UEAQ,IPR-00000234,,01t2z000001oCqXAAU,90,Training Session - Moston Depot,
a0V2z000000gfrtEAA,a0X2z0000001o4UEAQ,IPR-00000235,,01t2z000001oCqYAAU,100,Training Session - Moston Depot,
a0V2z000000gfruEAA,a0X2z0000001o4UEAQ,IPR-00000236,,01t2z000001oCqZAAU,10,Training Session - Moston Depot,
a0V2z000000gfrvEAA,a0X2z0000001o4UEAQ,IPR-00000237,,01t2z000001oCqaAAE,20,Training Session - Moston Depot,
a0V2z000000gfrwEAA,a0X2z0000001o4UEAQ,IPR-00000238,,01t2z000001oCqbAAE,40,Training Session - Moston Depot,
a0V2z000000gfrxEAA,a0X2z0000001o4UEAQ,IPR-00000239,,01t2z000001oCqcAAE,50,Training Session - Moston Depot,
a0V2z000000gfryEAA,a0X2z0000001o4UEAQ,IPR-00000240,,01t2z000001oCqdAAE,60,Training Session - Moston Depot,
a0V2z000000gfrzEAA,a0X2z0000001o4UEAQ,IPR-00000241,,01t2z000001oCqeAAE,70,Training Session - Moston Depot,
a0V2z000000gfs0EAA,a0X2z0000001o4UEAQ,IPR-00000242,,01t2z000001oCqfAAE,80,Training Session - Moston Depot,
a0V2z000000gfs1EAA,a0X2z0000001o4UEAQ,IPR-00000243,,01t2z000001oCqgAAE,90,Training Session - Moston Depot,
a0V2z000000gfs2EAA,a0X2z0000001o4UEAQ,IPR-00000244,,01t2z000001oCqhAAE,100,Training Session - Moston Depot,
a0V2z000000gfs3EAA,a0X2z0000001o4UEAQ,IPR-00000245,,01t2z000001oCqiAAE,8,Training Session - Moston Depot,
a0V2z000000gfs4EAA,a0X2z0000001o4UEAQ,IPR-00000246,,01t2z000001oCqjAAE,20,Training Session - Moston Depot,
a0V2z000000gfs5EAA,a0X2z0000001o4UEAQ,IPR-00000247,,01t2z000001oCqkAAE,40,Training Session - Moston Depot,
a0V2z000000gfs6EAA,a0X2z0000001o4UEAQ,IPR-00000248,,01t2z000001oCqlAAE,50,Training Session - Moston Depot,
a0V2z000000gfs7EAA,a0X2z0000001o4UEAQ,IPR-00000249,,01t2z000001oCqmAAE,60,Training Session - Moston Depot,
a0V2z000000gfs8EAA,a0X2z0000001o4UEAQ,IPR-00000250,,01t2z000001oCqnAAE,70,Training Session - Moston Depot,
a0V2z000000gfs9EAA,a0X2z0000001o4UEAQ,IPR-00000251,,01t2z000001oCqoAAE,80,Training Session - Moston Depot,
a0V2z000000gfsAEAQ,a0X2z0000001o4UEAQ,IPR-00000252,,01t2z000001oCqpAAE,90,Training Session - Moston Depot,
a0V2z000000gfsBEAQ,a0X2z0000001o4UEAQ,IPR-00000253,,01t2z000001oCqqAAE,100,Training Session - Moston Depot,
a0V2z000000gfsCEAQ,a0X2z0000001o4UEAQ,IPR-00000254,,01t2z000001oCqrAAE,10,Training Session - Moston Depot,
a0V2z000000gfsDEAQ,a0X2z0000001o4UEAQ,IPR-00000255,,01t2z000001oCqsAAE,20,Training Session - Moston Depot,
a0V2z000000gfsEEAQ,a0X2z0000001o4UEAQ,IPR-00000256,,01t2z000001oCqtAAE,35,Training Session - Moston Depot,
a0V2z000000gfsFEAQ,a0X2z0000001o4UEAQ,IPR-00000257,,01t2z000001oCquAAE,45,Training Session - Moston Depot,
a0V2z000000gfsGEAQ,a0X2z0000001o4UEAQ,IPR-00000258,,01t2z000001oCqvAAE,60,Training Session - Moston Depot,
a0V2z000000gfsHEAQ,a0X2z0000001o4UEAQ,IPR-00000259,,01t2z000001oCqwAAE,70,Training Session - Moston Depot,
a0V2z000000gfsIEAQ,a0X2z0000001o4UEAQ,IPR-00000260,,01t2z000001oCqxAAE,80,Training Session - Moston Depot,
a0V2z000000gfsJEAQ,a0X2z0000001o4UEAQ,IPR-00000261,,01t2z000001oCqyAAE,90,Training Session - Moston Depot,
a0V2z000000gfsKEAQ,a0X2z0000001o4UEAQ,IPR-00000262,,01t2z000001oCqzAAE,100,Training Session - Moston Depot,
a0V2z000000gfsLEAQ,a0X2z0000001o4UEAQ,IPR-00000263,,01t2z000001oCr0AAE,10,Training Session - Moston Depot,
a0V2z000000gfsMEAQ,a0X2z0000001o4UEAQ,IPR-00000264,,01t2z000001oCr1AAE,20,Training Session - Moston Depot,
a0V2z000000gfsNEAQ,a0X2z0000001o4UEAQ,IPR-00000265,,01t2z000001oCr2AAE,40,Training Session - Moston Depot,
a0V2z000000gfsOEAQ,a0X2z0000001o4UEAQ,IPR-00000266,,01t2z000001oCr3AAE,50,Training Session - Moston Depot,
a0V2z000000gfsPEAQ,a0X2z0000001o4UEAQ,IPR-00000267,,01t2z000001oCr4AAE,60,Training Session - Moston Depot,
a0V2z000000gfsQEAQ,a0X2z0000001o4UEAQ,IPR-00000268,,01t2z000001oCr5AAE,70,Training Session - Moston Depot,
a0V2z000000gfsREAQ,a0X2z0000001o4UEAQ,IPR-00000269,,01t2z000001oCr6AAE,80,Training Session - Moston Depot,
a0V2z000000gftBEAQ,a0X2z0000001o4UEAQ,IPR-00000315,,01t2z000001oCrqAAE,90,Training Session - Moston Depot,
a0V2z000000gftCEAQ,a0X2z0000001o4UEAQ,IPR-00000316,,01t2z000001oCrrAAE,97,Training Session - Moston Depot,
a0V2z000000gftDEAQ,a0X2z0000001o4UEAQ,IPR-00000317,,01t2z000001oCrsAAE,9,Training Session - Moston Depot,
a0V2z000000gftEEAQ,a0X2z0000001o4UEAQ,IPR-00000318,,01t2z000001oCrtAAE,19,Training Session - Moston Depot,
a0V2z000000gftFEAQ,a0X2z0000001o4UEAQ,IPR-00000319,,01t2z000001oCruAAE,34,Training Session - Moston Depot,
a0V2z000000gftGEAQ,a0X2z0000001o4UEAQ,IPR-00000320,,01t2z000001oCrvAAE,49,Training Session - Moston Depot,
a0V2z000000gftHEAQ,a0X2z0000001o4UEAQ,IPR-00000321,,01t2z000001oCrwAAE,60,Training Session - Moston Depot,
a0V2z000000gftIEAQ,a0X2z0000001o4UEAQ,IPR-00000322,,01t2z000001oCrxAAE,70,Training Session - Moston Depot,
a0V2z000000gftJEAQ,a0X2z0000001o4UEAQ,IPR-00000323,,01t2z000001oCryAAE,80,Training Session - Moston Depot,
a0V2z000000gftREAQ,a0X2z0000001o4UEAQ,IPR-00000331,,01t2z000001oCs6AAE,67,Training Session - Moston Depot,
a0V2z000000gftSEAQ,a0X2z0000001o4UEAQ,IPR-00000332,,01t2z000001oCs7AAE,68,Training Session - Moston Depot,
a0V2z000000gftTEAQ,a0X2z0000001o4UEAQ,IPR-00000333,,01t2z000001oCs8AAE,90,Training Session - Moston Depot,
a0V2z000000gftUEAQ,a0X2z0000001o4UEAQ,IPR-00000334,,01t2z000001oCs9AAE,100,Training Session - Moston Depot,
a0V2z000000gftVEAQ,a0X2z0000001o4UEAQ,IPR-00000335,,01t2z000001oCsAAAU,10,Training Session - Moston Depot,
a0V2z000000gftWEAQ,a0X2z0000001o4UEAQ,IPR-00000336,,01t2z000001oCsBAAU,17,Training Session - Moston Depot,
a0V2z000000gftXEAQ,a0X2z0000001o4UEAQ,IPR-00000337,,01t2z000001oCsCAAU,40,Training Session - Moston Depot,
a0V2z000000gftYEAQ,a0X2z0000001o4UEAQ,IPR-00000338,,01t2z000001oCsDAAU,49,Training Session - Moston Depot,
a0V2z000000gftZEAQ,a0X2z0000001o4UEAQ,IPR-00000339,,01t2z000001oCsEAAU,60,Training Session - Moston Depot,
a0V2z000000gftaEAA,a0X2z0000001o4UEAQ,IPR-00000340,,01t2z000001oCsFAAU,68,Training Session - Moston Depot,
a0V2z000000gftbEAA,a0X2z0000001o4UEAQ,IPR-00000341,,01t2z000001oCsGAAU,80,Training Session - Moston Depot,
a0V2z000000gftcEAA,a0X2z0000001o4UEAQ,IPR-00000342,,01t2z000001oCsHAAU,90,Training Session - Moston Depot,
a0V2z000000gftdEAA,a0X2z0000001o4UEAQ,IPR-00000343,,01t2z000001oCsIAAU,90,Training Session - Moston Depot,
a0V2z000000gftKEAQ,a0X2z0000001o4UEAQ,IPR-00000324,,01t2z000001oCrzAAE,87,Training Session - Moston Depot,
a0V2z000000gftLEAQ,a0X2z0000001o4UEAQ,IPR-00000325,,01t2z000001oCs0AAE,97,Training Session - Moston Depot,
a0V2z000000gftMEAQ,a0X2z0000001o4UEAQ,IPR-00000326,,01t2z000001oCs1AAE,10,Training Session - Moston Depot,
a0V2z000000gftNEAQ,a0X2z0000001o4UEAQ,IPR-00000327,,01t2z000001oCs2AAE,17,Training Session - Moston Depot,
a0V2z000000gftOEAQ,a0X2z0000001o4UEAQ,IPR-00000328,,01t2z000001oCs3AAE,38,Training Session - Moston Depot,
a0V2z000000gftPEAQ,a0X2z0000001o4UEAQ,IPR-00000329,,01t2z000001oCs4AAE,48,Training Session - Moston Depot,
a0V2z000000gftQEAQ,a0X2z0000001o4UEAQ,IPR-00000330,,01t2z000001oCs5AAE,60,Training Session - Moston Depot,
a0V2z000000gfteEAA,a0X2z0000001o4UEAQ,IPR-00000344,,01t2z000001oCsJAAU,10,Training Session - Moston Depot,
a0V2z000000gftfEAA,a0X2z0000001o4UEAQ,IPR-00000345,,01t2z000001oCsKAAU,20,Training Session - Moston Depot,
a0V2z000000gftgEAA,a0X2z0000001o4UEAQ,IPR-00000346,,01t2z000001oCsLAAU,40,Training Session - Moston Depot,
a0V2z000000gfthEAA,a0X2z0000001o4UEAQ,IPR-00000347,,01t2z000001oCsMAAU,48,Training Session - Moston Depot,
a0V2z000000gftiEAA,a0X2z0000001o4UEAQ,IPR-00000348,,01t2z000001oCsNAAU,50,Training Session - Moston Depot,
a0V2z000000gftjEAA,a0X2z0000001o4UEAQ,IPR-00000349,,01t2z000001oCsOAAU,70,Training Session - Moston Depot,
a0V2z000000gftkEAA,a0X2z0000001o4UEAQ,IPR-00000350,,01t2z000001oCsPAAU,76,Training Session - Moston Depot,
a0V2z000000gftlEAA,a0X2z0000001o4UEAQ,IPR-00000351,,01t2z000001oCsQAAU,87,Training Session - Moston Depot,
a0V2z000000gftmEAA,a0X2z0000001o4UEAQ,IPR-00000352,,01t2z000001oCsRAAU,100,Training Session - Moston Depot,
a0V2z000000gftnEAA,a0X2z0000001o4UEAQ,IPR-00000353,,01t2z000001oCsSAAU,10,Training Session - Moston Depot,
a0V2z000000gftoEAA,a0X2z0000001o4UEAQ,IPR-00000354,,01t2z000001oCsTAAU,20,Training Session - Moston Depot,
a0V2z000000gftpEAA,a0X2z0000001o4UEAQ,IPR-00000355,,01t2z000001oCsUAAU,40,Training Session - Moston Depot,
a0V2z000000gfsSEAQ,a0X2z0000001o4UEAQ,IPR-00000270,,01t2z000001oCr7AAE,90,Training Session - Moston Depot,
a0V2z000000gfsTEAQ,a0X2z0000001o4UEAQ,IPR-00000271,,01t2z000001oCr8AAE,100,Training Session - Moston Depot,3437110
a0V2z000000gfsUEAQ,a0X2z0000001o4UEAQ,IPR-00000272,,01t2z000001oCr9AAE,10,Training Session - Moston Depot,
a0V2z000000gfsVEAQ,a0X2z0000001o4UEAQ,IPR-00000273,,01t2z000001oCrAAAU,20,Training Session - Moston Depot,
a0V2z000000gftqEAA,a0X2z0000001o4UEAQ,IPR-00000356,,01t2z000001oCsVAAU,49,Training Session - Moston Depot,
a0V2z000000gftrEAA,a0X2z0000001o4UEAQ,IPR-00000357,,01t2z000001oCsWAAU,60,Training Session - Moston Depot,
a0V2z000000gftsEAA,a0X2z0000001o4UEAQ,IPR-00000358,,01t2z000001oCsXAAU,60,Training Session - Moston Depot,
a0V2z000000gfttEAA,a0X2z0000001o4UEAQ,IPR-00000359,,01t2z000001oCsYAAU,80,Training Session - Moston Depot,
a0V2z000000gftuEAA,a0X2z0000001o4UEAQ,IPR-00000360,,01t2z000001oCsZAAU,90,Training Session - Moston Depot,
a0V2z000000gftvEAA,a0X2z0000001o4UEAQ,IPR-00000361,,01t2z000001oCsaAAE,100,Training Session - Moston Depot,
a0V2z000000gftwEAA,a0X2z0000001o4UEAQ,IPR-00000362,,01t2z000001oCsbAAE,10,Training Session - Moston Depot,
a0V2z000000gftxEAA,a0X2z0000001o4UEAQ,IPR-00000363,,01t2z000001oCscAAE,20,Training Session - Moston Depot,
a0V2z000000gftyEAA,a0X2z0000001o4UEAQ,IPR-00000364,,01t2z000001oCsdAAE,40,Training Session - Moston Depot,
a0V2z000000gftzEAA,a0X2z0000001o4UEAQ,IPR-00000365,,01t2z000001oCseAAE,47,Training Session - Moston Depot,
a0V2z000000gfu0EAA,a0X2z0000001o4UEAQ,IPR-00000366,,01t2z000001oCsfAAE,56,Training Session - Moston Depot,
a0V2z000000gfu1EAA,a0X2z0000001o4UEAQ,IPR-00000367,,01t2z000001oCsgAAE,65,Training Session - Moston Depot,
a0V2z000000gfu2EAA,a0X2z0000001o4UEAQ,IPR-00000368,,01t2z000001oCshAAE,74,Training Session - Moston Depot,
a0V2z000000gfu3EAA,a0X2z0000001o4UEAQ,IPR-00000369,,01t2z000001oCsiAAE,90,Training Session - Moston Depot,
a0V2z000000gfu4EAA,a0X2z0000001o4UEAQ,IPR-00000370,,01t2z000001oCsjAAE,100,Training Session - Moston Depot,
a0V2z000000gfu5EAA,a0X2z0000001o4UEAQ,IPR-00000371,,01t2z000001oCskAAE,10,Training Session - Moston Depot,
a0V2z000000gfu6EAA,a0X2z0000001o4UEAQ,IPR-00000372,,01t2z000001oCslAAE,20,Training Session - Moston Depot,
a0V2z000000gfu7EAA,a0X2z0000001o4UEAQ,IPR-00000373,,01t2z000001oCsmAAE,40,Training Session - Moston Depot,
a0V2z000000gfu8EAA,a0X2z0000001o4UEAQ,IPR-00000374,,01t2z000001oCsnAAE,45,Training Session - Moston Depot,
a0V2z000000gfu9EAA,a0X2z0000001o4UEAQ,IPR-00000375,,01t2z000001oCsoAAE,60,Training Session - Moston Depot,
a0V2z000000gfuAEAQ,a0X2z0000001o4UEAQ,IPR-00000376,,01t2z000001oCspAAE,70,Training Session - Moston Depot,
a0V2z000000gfuBEAQ,a0X2z0000001o4UEAQ,IPR-00000377,,01t2z000001oCsqAAE,80,Training Session - Moston Depot,
a0V2z000000gfuCEAQ,a0X2z0000001o4UEAQ,IPR-00000378,,01t2z000001oCsrAAE,90,Training Session - Moston Depot,
a0V2z000000gfuDEAQ,a0X2z0000001o4UEAQ,IPR-00000379,,01t2z000001oCssAAE,100,Training Session - Moston Depot,
a0V2z000000gfuEEAQ,a0X2z0000001o4UEAQ,IPR-00000380,,01t2z000001oCstAAE,10,Training Session - Moston Depot,
a0V2z000000gfuFEAQ,a0X2z0000001o4UEAQ,IPR-00000381,,01t2z000001oCsuAAE,20,Training Session - Moston Depot,
a0V2z000000gfuGEAQ,a0X2z0000001o4UEAQ,IPR-00000382,,01t2z000001oCsvAAE,40,Training Session - Moston Depot,
a0V2z000000gfuHEAQ,a0X2z0000001o4UEAQ,IPR-00000383,,01t2z000001oCswAAE,50,Training Session - Moston Depot,
a0V2z000000gfuIEAQ,a0X2z0000001o4UEAQ,IPR-00000384,,01t2z000001oCsxAAE,60,Training Session - Moston Depot,
a0V2z000000gfuJEAQ,a0X2z0000001o4UEAQ,IPR-00000385,,01t2z000001oCsyAAE,70,Training Session - Moston Depot,
a0V2z000000gfuKEAQ,a0X2z0000001o4UEAQ,IPR-00000386,,01t2z000001oCszAAE,80,Training Session - Moston Depot,
a0V2z000000gfuLEAQ,a0X2z0000001o4UEAQ,IPR-00000387,,01t2z000001oCt0AAE,90,Training Session - Moston Depot,
a0V2z000000gfuMEAQ,a0X2z0000001o4UEAQ,IPR-00000388,,01t2z000001oCt1AAE,84,Training Session - Moston Depot,
a0V2z000000gfuNEAQ,a0X2z0000001o4UEAQ,IPR-00000389,,01t2z000001oCt2AAE,10,Training Session - Moston Depot,
a0V2z000000gfuOEAQ,a0X2z0000001o4UEAQ,IPR-00000390,,01t2z000001oCt3AAE,20,Training Session - Moston Depot,
a0V2z000000gfuPEAQ,a0X2z0000001o4UEAQ,IPR-00000391,,01t2z000001oCt4AAE,40,Training Session - Moston Depot,
a0V2z000000gfuQEAQ,a0X2z0000001o4UEAQ,IPR-00000392,,01t2z000001oCt5AAE,50,Training Session - Moston Depot,
a0V2z000000gfuREAQ,a0X2z0000001o4UEAQ,IPR-00000393,,01t2z000001oCt6AAE,45,Training Session - Moston Depot,
a0V2z000000gfuSEAQ,a0X2z0000001o4UEAQ,IPR-00000394,,01t2z000001oCt7AAE,63,Training Session - Moston Depot,
a0V2z000000gfuTEAQ,a0X2z0000001o4UEAQ,IPR-00000395,,01t2z000001oCt8AAE,80,Training Session - Moston Depot,
a0V2z000000gfuUEAQ,a0X2z0000001o4UEAQ,IPR-00000396,,01t2z000001oCt9AAE,90,Training Session - Moston Depot,
a0V2z000000gfuVEAQ,a0X2z0000001o4UEAQ,IPR-00000397,,01t2z000001oCtAAAU,100,Training Session - Moston Depot,
a0V2z000000gfuWEAQ,a0X2z0000001o4UEAQ,IPR-00000398,,01t2z000001oCtBAAU,10,Training Session - Moston Depot,
a0V2z000000gfuYEAQ,a0X2z0000001o4UEAQ,IPR-00000400,,01t2z000001oCtDAAU,40,Training Session - Moston Depot,
a0V2z000000gfuZEAQ,a0X2z0000001o4UEAQ,IPR-00000401,,01t2z000001oCtEAAU,50,Training Session - Moston Depot,
a0V2z000000gfuaEAA,a0X2z0000001o4UEAQ,IPR-00000402,,01t2z000001oCtFAAU,60,Training Session - Moston Depot,
a0V2z000000gfubEAA,a0X2z0000001o4UEAQ,IPR-00000403,,01t2z000001oCtGAAU,70,Training Session - Moston Depot,
a0V2z000000gfucEAA,a0X2z0000001o4UEAQ,IPR-00000404,,01t2z000001oCtHAAU,80,Training Session - Moston Depot,
a0V2z000000gfudEAA,a0X2z0000001o4UEAQ,IPR-00000405,,01t2z000001oCtIAAU,90,Training Session - Moston Depot,
a0V2z000000gfueEAA,a0X2z0000001o4UEAQ,IPR-00000406,,01t2z000001oCtJAAU,100,Training Session - Moston Depot,
a0V2z000000gfufEAA,a0X2z0000001o4UEAQ,IPR-00000407,,01t2z000001oCtKAAU,10,Training Session - Moston Depot,
a0V2z000000gfugEAA,a0X2z0000001o4UEAQ,IPR-00000408,,01t2z000001oCtLAAU,20,Training Session - Moston Depot,
a0V2z000000gfuhEAA,a0X2z0000001o4UEAQ,IPR-00000409,,01t2z000001oCtMAAU,40,Training Session - Moston Depot,
a0V2z000000gfuiEAA,a0X2z0000001o4UEAQ,IPR-00000410,,01t2z000001oCtNAAU,50,Training Session - Moston Depot,
a0V2z000000gfujEAA,a0X2z0000001o4UEAQ,IPR-00000411,,01t2z000001oCtOAAU,60,Training Session - Moston Depot,
a0V2z000000gfukEAA,a0X2z0000001o4UEAQ,IPR-00000412,,01t2z000001oCtPAAU,70,Training Session - Moston Depot,
a0V2z000000gfulEAA,a0X2z0000001o4UEAQ,IPR-00000413,,01t2z000001oCtQAAU,80,Training Session - Moston Depot,
a0V2z000000gfumEAA,a0X2z0000001o4UEAQ,IPR-00000414,,01t2z000001oCtRAAU,90,Training Session - Moston Depot,
a0V2z000000gfunEAA,a0X2z0000001o4UEAQ,IPR-00000415,,01t2z000001oCtSAAU,100,Training Session - Moston Depot,
a0V2z000000gfuoEAA,a0X2z0000001o4UEAQ,IPR-00000416,,01t2z000001oCtTAAU,10,Training Session - Moston Depot,
a0V2z000000gfupEAA,a0X2z0000001o4UEAQ,IPR-00000417,,01t2z000001oCtUAAU,20,Training Session - Moston Depot,
a0V2z000000gfuqEAA,a0X2z0000001o4UEAQ,IPR-00000418,,01t2z000001oCtVAAU,38,Training Session - Moston Depot,
a0V2z000000gfurEAA,a0X2z0000001o4UEAQ,IPR-00000419,,01t2z000001oCtWAAU,50,Training Session - Moston Depot,
a0V2z000000gfuXEAQ,a0X2z0000001o4UEAQ,IPR-00000399,,01t2z000001oCtCAAU,20,Training Session - Moston Depot,
a0V2z000000gfusEAA,a0X2z0000001o4UEAQ,IPR-00000420,,01t2z000001oCtXAAU,60,Training Session - Moston Depot,
a0V2z000000gfutEAA,a0X2z0000001o4UEAQ,IPR-00000421,,01t2z000001oCtYAAU,70,Training Session - Moston Depot,
a0V2z000000gfuuEAA,a0X2z0000001o4UEAQ,IPR-00000422,,01t2z000001oCtZAAU,80,Training Session - Moston Depot,
a0V2z000000gfuvEAA,a0X2z0000001o4UEAQ,IPR-00000423,,01t2z000001oCtaAAE,90,Training Session - Moston Depot,
a0V2z000000gfuwEAA,a0X2z0000001o4UEAQ,IPR-00000424,,01t2z000001oCtbAAE,100,Training Session - Moston Depot,
a0V2z000000gfuxEAA,a0X2z0000001o4UEAQ,IPR-00000425,,01t2z000001oCtcAAE,90,Training Session - Moston Depot,
a0V2z000000gfuyEAA,a0X2z0000001o4UEAQ,IPR-00000426,,01t2z000001oCtdAAE,100,Training Session - Moston Depot,
a0V2z000000gfpIEAQ,a0X2z0000001o4UEAQ,IPR-00000074,,01t2z000001oCnxAAE,10,Training Session - Moston Depot,
a0V2z000000gfpJEAQ,a0X2z0000001o4UEAQ,IPR-00000075,,01t2z000001oCnyAAE,16,Training Session - Moston Depot,
a0V2z000000gfpKEAQ,a0X2z0000001o4UEAQ,IPR-00000076,,01t2z000001oCnzAAE,40,Training Session - Moston Depot,
a0V2z000000gfpLEAQ,a0X2z0000001o4UEAQ,IPR-00000077,,01t2z000001oCo0AAE,50,Training Session - Moston Depot,
a0V2z000000gfpMEAQ,a0X2z0000001o4UEAQ,IPR-00000078,,01t2z000001oCo1AAE,60,Training Session - Moston Depot,
a0V2z000000gfpNEAQ,a0X2z0000001o4UEAQ,IPR-00000079,,01t2z000001oCo2AAE,70,Training Session - Moston Depot,
a0V2z000000gfpOEAQ,a0X2z0000001o4UEAQ,IPR-00000080,,01t2z000001oCo3AAE,64,Training Session - Moston Depot,
a0V2z000000gfpPEAQ,a0X2z0000001o4UEAQ,IPR-00000081,,01t2z000001oCo4AAE,90,Training Session - Moston Depot,
a0V2z000000gfpQEAQ,a0X2z0000001o4UEAQ,IPR-00000082,,01t2z000001oCo5AAE,100,Training Session - Moston Depot,
a0V2z000000gfpREAQ,a0X2z0000001o4UEAQ,IPR-00000083,,01t2z000001oCo6AAE,10,Training Session - Moston Depot,
a0V2z000000gfpSEAQ,a0X2z0000001o4UEAQ,IPR-00000084,,01t2z000001oCo7AAE,18,Training Session - Moston Depot,
a0V2z000000gfpTEAQ,a0X2z0000001o4UEAQ,IPR-00000085,,01t2z000001oCo8AAE,40,Training Session - Moston Depot,
a0V2z000000gfpUEAQ,a0X2z0000001o4UEAQ,IPR-00000086,,01t2z000001oCo9AAE,50,Training Session - Moston Depot,
a0V2z000000gfpVEAQ,a0X2z0000001o4UEAQ,IPR-00000087,,01t2z000001oCoAAAU,60,Training Session - Moston Depot,
a0V2z000000gfpWEAQ,a0X2z0000001o4UEAQ,IPR-00000088,,01t2z000001oCoBAAU,70,Training Session - Moston Depot,
a0V2z000000gfpXEAQ,a0X2z0000001o4UEAQ,IPR-00000089,,01t2z000001oCoCAAU,80,Training Session - Moston Depot,
a0V2z000000gfpYEAQ,a0X2z0000001o4UEAQ,IPR-00000090,,01t2z000001oCoDAAU,90,Training Session - Moston Depot,
a0V2z000000gfpZEAQ,a0X2z0000001o4UEAQ,IPR-00000091,,01t2z000001oCoEAAU,100,Training Session - Moston Depot,
a0V2z000000gfpaEAA,a0X2z0000001o4UEAQ,IPR-00000092,,01t2z000001oCoFAAU,10,Training Session - Moston Depot,
a0V2z000000gfpbEAA,a0X2z0000001o4UEAQ,IPR-00000093,,01t2z000001oCoGAAU,20,Training Session - Moston Depot,
a0V2z000000gfpcEAA,a0X2z0000001o4UEAQ,IPR-00000094,,01t2z000001oCoHAAU,40,Training Session - Moston Depot,
a0V2z000000gfpdEAA,a0X2z0000001o4UEAQ,IPR-00000095,,01t2z000001oCoIAAU,50,Training Session - Moston Depot,
a0V2z000000gfpeEAA,a0X2z0000001o4UEAQ,IPR-00000096,,01t2z000001oCoJAAU,60,Training Session - Moston Depot,
a0V2z000000gfpfEAA,a0X2z0000001o4UEAQ,IPR-00000097,,01t2z000001oCoKAAU,70,Training Session - Moston Depot,
a0V2z000000gfpgEAA,a0X2z0000001o4UEAQ,IPR-00000098,,01t2z000001oCoLAAU,80,Training Session - Moston Depot,
a0V2z000000gfphEAA,a0X2z0000001o4UEAQ,IPR-00000099,,01t2z000001oCoMAAU,90,Training Session - Moston Depot,
a0V2z000000gfpiEAA,a0X2z0000001o4UEAQ,IPR-00000100,,01t2z000001oCoNAAU,100,Training Session - Moston Depot,
a0V2z000000gfpjEAA,a0X2z0000001o4UEAQ,IPR-00000101,,01t2z000001oCoOAAU,10,Training Session - Moston Depot,
a0V2z000000gfpkEAA,a0X2z0000001o4UEAQ,IPR-00000102,,01t2z000001oCoPAAU,20,Training Session - Moston Depot,
a0V2z000000gfplEAA,a0X2z0000001o4UEAQ,IPR-00000103,,01t2z000001oCoQAAU,40,Training Session - Moston Depot,
a0V2z000000gfpmEAA,a0X2z0000001o4UEAQ,IPR-00000104,,01t2z000001oCoRAAU,50,Training Session - Moston Depot,
a0V2z000000gfpnEAA,a0X2z0000001o4UEAQ,IPR-00000105,,01t2z000001oCoSAAU,60,Training Session - Moston Depot,
a0V2z000000gWnoEAE,a0X2z0000000iOsEAI,IPR-00000052,,,673,Dagenham,
a0V2z000000gWneEAE,a0X2z0000000iOsEAI,IPR-00000050,,,10,Dagenham,
a0V2z000000gWnjEAE,a0X2z0000000iOsEAI,IPR-00000051,,,3,Dagenham,
a0V2z000000gYiLEAU,a0X2z0000000iOsEAI,IPR-00000053,,01t2z000001oCrjAAE,6,Dagenham,4010142
a0V2z000000gYj9EAE,a0X2z0000000iOsEAI,IPR-00000054,Romania,01t2z000001oCrcAAE,22,Dagenham,3914123
a0V2z000000gZVCEA2,a0X2z0000000iOsEAI,IPR-00000057,,01t2z000001oCsRAAU,200,Dagenham,
a0V2z000000gZR8EAM,a0X2z0000000iOsEAI,IPR-00000055,England,01t2z000001oCrpAAE,92,Dagenham,
a0V2z000000gZUOEA2,a0X2z0000000iOsEAI,IPR-00000056,,,10,Dagenham,
a0V2z000000gckCEAQ,a0X2z0000001nQhEAI,IPR-00000058,,,8,Training Session - Building Inventory Example,
a0V2z000000gcsSEAQ,a0X2z0000001nQhEAI,IPR-00000059,,,25,Training Session - Building Inventory Example,
a0V2z000000gcsXEAQ,a0X2z0000001nQhEAI,IPR-00000060,,,9000,Training Session - Building Inventory Example,
a0V2z000000gcscEAA,a0X2z0000001nQhEAI,IPR-00000061,,,15000,Training Session - Building Inventory Example,
a0V2z000000geduEAA,a0X2z0000001o4KEAQ,IPR-00000062,,,100,Training Session - Van Sales,
